Nomor,TempatMakan,Nama,Harga,Deskripsi,Foto
1,"Ayam Rempah Mas Bangkit, Wirobrajan",Nasi Telur Dadar Rempah,15500,"Nasi pulen, telur dadar rempah harum.",https://i.gojekapi.com/darkroom/gofood-indonesia/v2/images/uploads/0c2e0bbd-95ed-4c83-b356-cc83d5121504_d81de131-b121-46af-84bb-5ed0c367bfdf_file20190625-26370-1757jmu.jpeg?auto=format
2,"Ayam Rempah Mas Bangkit, Wirobrajan",Nasi Ayam Rempah + Es Teh,22500,"Nasi ayam rempah, segar, nikmat dengan es teh.",https://i.gojekapi.com/darkroom/gofood-indonesia/v2/images/uploads/80282ce9-3516-4bff-abdd-8f9ffcc16ee6_Go-Biz_20230707_212354.jpeg?auto=format
3,"Ayam Rempah Mas Bangkit, Wirobrajan",Ayam Rempah Tanpa Nasi,15500,"Ayam rempah juicy, penuh bumbu nikmat.",https://i.gojekapi.com/darkroom/gofood-indonesia/v2/images/uploads/eeed293b-dd29-496c-89e8-d19d1e419bbd_Go-Biz_20220411_132522.jpeg?auto=format
4,"Ayam Rempah Mas Bangkit, Wirobrajan",Paket Barengan (2 Nasi Ayam Rempah),36000,Paket hemat: 2 nasi ayam rempah lezat.,https://i.gojekapi.com/darkroom/gofood-indonesia/v2/images/uploads/f6429347-3b76-4323-8a5d-3cb65f1f3d81_Go-Biz_20230822_210431.jpeg?auto=format
5,"Ayam Rempah Mas Bangkit, Wirobrajan",Nasi Ayam Penyet Lombok Ijo,18000,"Nasi ayam penyet, sambal lombok ijo pedas segar.",https://i.gojekapi.com/darkroom/gofood-indonesia/v2/images/uploads/34b6c4bd-fbba-4678-9dde-d605a6c54add_Go-Biz_20230707_182844.jpeg?auto=format
6,"Ayam Rempah Mas Bangkit, Wirobrajan",Nasi Ayam Rempah+Tahu Tempe,19400,"Nasi ayam rempah, tahu tempe gurih, sempurna!",https://i.gojekapi.com/darkroom/gofood-indonesia/v2/images/uploads/bbc57871-962e-407e-a537-5c68ebfbd040_Go-Biz_20220205_130355.jpeg?auto=format
7,"Ayam Rempah Mas Bangkit, Wirobrajan",Nasi Tahu Tempe Rempah,11000,"Nasi tahu tempe rempah, kaya rasa dan lezat.",https://i.gojekapi.com/darkroom/gofood-indonesia/v2/images/uploads/dc905fec-ed05-4ce6-9c3a-23668ff45134_Go-Biz_20211122_163353.jpeg?auto=format
8,"Ayam Rempah Mas Bangkit, Wirobrajan",Nasi Ayam Geprek+Kobis+Terong,25000,"Nasi ayam geprek, kobis segar, terong gurih.", https://i.gojekapi.com/darkroom/gofood-indonesia/v2/images/uploads/70746fbd-4af1-4866-b54d-5c659993308c_Go-Biz_20211122_163145.jpeg?auto=format
9,"Ayam Rempah Mas Bangkit, Wirobrajan",Nasi Ayam Penyet Bawang Rempah,18000,"Ayam rempah Mas Bangkit, bumbu kaya dan nikmat.",https://i.gojekapi.com/darkroom/gofood-indonesia/v2/images/uploads/0ae335e5-fa6b-44ed-8e0b-20ed7a8da837_Go-Biz_20230822_210119.jpeg?auto=format
10,"Penyetan Mas Kobis, Tugu",Nasi Lele + Sambal,17500,"Nasi lele, lele crispy, sambal pedas menggoda.",https://i.gojekapi.com/darkroom/gofood-indonesia/v2/images/uploads/0c2e0bbd-95ed-4c83-b356-cc83d5121504_d81de131-b121-46af-84bb-5ed0c367bfdf_file20190625-26370-1757jmu.jpeg?auto=format
11,"Penyetan Mas Kobis, Tugu",Nasi Tempe + Sambal,10400,"Nasi tempe, tempe renyah, sambal pedas segar.",https://i.gojekapi.com/darkroom/gofood-indonesia/v2/images/uploads/c481281f-076d-42fb-9b79-0503d02ec24f_ea6d2f3e-78f7-4f67-bee8-49c218b9e287_file20190625-8917-y4jzvf.jpeg?auto=format
12,"Penyetan Mas Kobis, Tugu",Nasi Ayam + Sambal,18900,"Nasi ayam, juicy dan sambal pedas menggugah.",https://i.gojekapi.com/darkroom/gofood-indonesia/v2/images/uploads/f3981231-bbdc-4604-9f71-987ac1bb8da7_826a7e20-219f-41bf-867c-eb5693dbcaa5.jpg?auto=format
13,"Penyetan Mas Kobis, Tugu",Nasi Ati + Sambal,18000,"Nasi ati, ati empuk, sambal pedas menyengat.",https://i.gojekapi.com/darkroom/gofood-indonesia/v2/images/uploads/bfdd9329-cd0b-4208-a7a8-b60d79d5ea3c_e713eb49-e937-4eb3-89b1-fa89cf7ee9a7_file20190625-8917-1vwif0e.jpeg?auto=format
14,"Penyetan Mas Kobis, Tugu",Paket Komplit Ayam,28000,"Nasi ayam, sambal cabe pedas, terong segar, teh.",https://i.gojekapi.com/darkroom/gofood-indonesia/v2/images/uploads/52fcf183-2d02-463d-b1f4-22a2a865eb0d_f2fd4e4d-048f-40ed-afea-18d69fdfbdaa.jpg?auto=format
15,"Penyetan Mas Kobis, Tugu",Paket Komplit Lele,26800,"Nasi lele, sambal cabe pedas, kobis segar, teh",https://i.gojekapi.com/darkroom/gofood-indonesia/v2/images/uploads/3fdf2179-cd20-4ede-9cc4-5307627f9d56_3f994e38-c529-42f1-adb9-9e36479d5c25.jpg?auto=format
16,"Penyetan Mas Kobis, Tugu",Paket Komplit Ati Ampela,27100,"Nasi ati ampela, sambal cabe pedas, terong segar, teh.",https://i.gojekapi.com/darkroom/gofood-indonesia/v2/images/uploads/30d69ba0-1e79-46cd-b0f2-ad78e4d33b8a_d189826e-e55a-46fb-9743-86c493e4213c.jpg?auto=format
17,"Penyetan Mas Kobis, Tugu",Ati Ampela Goreng+ Sambal,14800,"Ati ampela goreng, sambal cabe pedas menggoda.",https://i.gojekapi.com/darkroom/gofood-indonesia/v2/images/uploads/942ebc2c-47f8-441e-9298-b746e72fb56b_fdf78799-7eb6-4d04-8d0d-3558cc7e6c5c.jpg?auto=format
18,"Penyetan Mas Kobis, Tugu",Lele Goreng + Sambal,13500,"Lele goreng crispy, sambal cabe pedas nikmat.",https://i.gojekapi.com/darkroom/gofood-indonesia/v2/images/uploads/0ddb1425-314d-4e3b-807f-95a3eb63b559_1d4f4c1f-4df7-4c89-a6de-a8c5db471ce2.jpg?auto=format
19,"Nasi Liwet dan Lontong Opor, Dapoer Girli",Nasi Liwet + Telur,23000,"Nasi liwet dengan telur, cecek kenyal, ayam suwir gurih, dan sayur labu segar. Sederhana namun kaya rasa!",https://i.gojekapi.com/darkroom/gofood-indonesia/v2/images/uploads/fca2e5af-1df5-4c0c-bf6e-6b4adfe6356c_Go-Biz_20200711_210809.jpeg?auto=format
20,"Nasi Liwet dan Lontong Opor, Dapoer Girli",Garang Asem,19000,"Garang asem dengan nasi hangat dan kerupuk udang renyah, menyajikan perpaduan segar dan gurih yang menggugah selera!",https://i.gojekapi.com/darkroom/gofood-indonesia/v2/images/uploads/d085a5bf-fe33-4221-a880-6ad55bca4cfb_Go-Biz_20210813_065906.jpeg?auto=format
21,"Nasi Liwet dan Lontong Opor, Dapoer Girli",Gudeg Komplit,23000,"Gudeg komplit dengan gudeg manis, telur pindang, ayam suwir, cecek kenyal, dan kerupuk udang renyah. Nikmat dan lezat!",https://i.gojekapi.com/darkroom/gofood-indonesia/v2/images/uploads/698d7802-0517-4ea5-9e45-a0f8ac8dcb55_Go-Biz_20210825_094349.jpeg?auto=format
22,"Nasi Liwet dan Lontong Opor, Dapoer Girli",Selat Solo,25000,"Selat Solo dengan daging empuk, sayur segar, telur, dan kuah gurih manis.",https://i.gojekapi.com/darkroom/gofood-indonesia/v2/images/uploads/e09f8617-2422-409b-91e5-664a53d97b50_Go-Biz_20240507_122643.jpeg?auto=format
23,"Nasi Liwet dan Lontong Opor, Dapoer Girli",Nasi Ayam Panggang Wijen,25000,"Nasi dengan ayam panggang harum, taburan wijen gurih, dan rasa lezat yang memikat!",https://i.gojekapi.com/darkroom/gofood-indonesia/v2/images/uploads/2744b61b-4322-43a1-a79d-5a13c718f119_Go-Biz_20220317_071051.jpeg?auto=format
24,"Nasi Liwet dan Lontong Opor, Dapoer Girli",Galantin Girli,25000,Galantin daging sapi lembut dengan saus gurih dan sayuran segar. dengan tambahan saus khas resto!,https://i.gojekapi.com/darkroom/gofood-indonesia/v2/images/uploads/00fa087a-8896-4474-9cbf-beb93daaafa0_Go-Biz_20240524_065954.jpeg?auto=format
25,"Nasi Liwet dan Lontong Opor, Dapoer Girli",Lontong Sayur,18000,"Lontong sayur dengan lontong lembut, kuah santan kental, dan sayuran segar yang menggugah selera!",https://i.gojekapi.com/darkroom/gofood-indonesia/v2/images/uploads/4f71ca84-6033-42c8-b7e4-ba5dfbe5cdcb_Go-Biz_20200711_211220.jpeg?auto=format
26,"Nasi Liwet dan Lontong Opor, Dapoer Girli",Nasi Uduk,19000,"Nasi uduk wangi dengan santan, disajikan dengan ayam, telur, dan sambal, menciptakan rasa yang kaya!",https://i.gojekapi.com/darkroom/gofood-indonesia/v2/images/uploads/8651e963-0af7-4726-a1f0-938eec084ed5_Go-Biz_20200927_101251.jpeg?auto=format
27,"Nasi Liwet dan Lontong Opor, Dapoer Girli",Nasi Sate Gendut Gurih,25000,"Nasi dengan sate besar yang gurih, daging empuk, dan bumbu kacang kaya rasa, sempurna untuk dinikmati!",https://i.gojekapi.com/darkroom/gofood-indonesia/v2/images/uploads/93714ace-c923-4ca8-adb2-6e4927a7728a_Go-Biz_20210828_134357.jpeg?auto=format
28,"Nasi Liwet dan Lontong Opor, Dapoer Girli",Cireng Ayam Suwir,12500,"Cireng dengan isian ayam suwir, renyah di luar dan gurih di dalam, sempurna untuk camilan!",https://i.gojekapi.com/darkroom/gofood-indonesia/v2/images/uploads/bdf7a8aa-3565-404e-92d0-36e41036e76d_Go-Biz_20200801_130529.jpeg?auto=format
29,"Olive Fried Chicken, Jalan Bantul",Paket Ayam 1,13200,Nasi putih dengan ayam goreng krispi khas olive bagian sayap,https://i.gojekapi.com/darkroom/gofood-indonesia/v2/images/uploads/99f7091a-06c2-4451-9ad7-54c9c701c1bc_master-menu-item-image_1604977167269.jpg?auto=format
30,"Olive Fried Chicken, Jalan Bantul",Paket Ayam 2,15700,Nasi putih dengan ayam goreng krispi khas olive bagian paha bawah,https://i.gojekapi.com/darkroom/gofood-indonesia/v2/images/uploads/2043448e-fc58-45e3-b342-f927d8630852_master-menu-item-image_1604977173922.jpg?auto=format
31,"Olive Fried Chicken, Jalan Bantul",Paket Ayam 3,23200,Nasi putih dengan ayam goreng krispi khas olive bagian dada,https://i.gojekapi.com/darkroom/gofood-indonesia/v2/images/uploads/6580683f-1b00-4e43-b618-11084585e5c9_master-menu-item-image_1604977189479.jpg?auto=format
32,"Olive Fried Chicken, Jalan Bantul",Paket Ayam 4,20200,Nasi putih dengan ayam goreng krispi khas olive bagian dada lembut,https://i.gojekapi.com/darkroom/gofood-indonesia/v2/images/uploads/20d5c86e-c8e8-43dc-8986-ea8d8eeafe85_master-menu-item-image_1604977184641.jpg?auto=format
33,"Olive Fried Chicken, Jalan Bantul",Paket Ayam 5,23200,Nasi putih dengan ayam goreng krispi khas olive bagian paha atas,https://i.gojekapi.com/darkroom/gofood-indonesia/v2/images/uploads/224f5285-f3c6-47fc-9a00-c99be1ea607b_master-menu-item-image_1604977178863.jpg?auto=format
34,"Olive Fried Chicken, Jalan Bantul",Mineral Water Botol,7200,Air mineral 600 ml,https://i.gojekapi.com/darkroom/gofood-indonesia/v2/images/uploads/0663b98f-b025-491a-8de2-1a8a64ce1440_a98aeb46-2bbb-4fc0-80ce-b4077812b0f9_file20190328-12728-1bqalze.jpeg?auto=format
35,"Olive Fried Chicken, Jalan Bantul",Mineral Water Gelas,2700,Air mineral 240 ml,https://i.gojekapi.com/darkroom/gofood-indonesia/v2/images/uploads/4b229ca2-4dca-44e5-829a-05d5bdfee4f7_6b3f8626-3c72-4742-926b-24aeccf357f4_file20190328-10187-tyedgj.jpeg?auto=format
36,"Olive Fried Chicken, Jalan Bantul",Taro,8700,Minuman berperisa taro,https://i.gojekapi.com/darkroom/gofood-indonesia/v2/images/uploads/11093b04-4d94-4010-b959-b45ffa3ce962_menu-item-image_1664276566737.jpg?auto=format
37,"Olive Fried Chicken, Jalan Bantul",Es Teh,7200,Es teh ,https://i.gojekapi.com/darkroom/gofood-indonesia/v2/images/uploads/93446e8c-b1eb-4f93-b1df-65519341166c_master-menu-item-image_1599806807819.jpg?auto=format
38,"Lotek Gado-Gado Bu Ning, Tamansiswa",Lotek Original,29000,"Sayuran segar dengan bumbu kacang gurih, mirip dengan gado-gado, disajikan dengan lontong atau nasi.",https://i.gojekapi.com/darkroom/gofood-indonesia/v2/images/uploads/9ba6af38-f10e-4526-8438-4db2fd65b2c2_master-menu-item-image_1612243484364.jpg?auto=format
39,"Lotek Gado-Gado Bu Ning, Tamansiswa",Kupat Tahu,25000,"Potongan ketupat dan tahu goreng disiram kuah kacang manis pedas, dilengkapi dengan tauge dan kerupuk.",https://i.gojekapi.com/darkroom/gofood-indonesia/v2/images/uploads/f507c3fe-43ea-4763-9502-06faa30ad4bd_master-menu-item-image_1612243492447.jpg?auto=format
40,"Lotek Gado-Gado Bu Ning, Tamansiswa",Bakwan Sayur,4000,"Gorengan renyah berisi campuran sayuran seperti wortel, kol, dan daun bawang",https://i.gojekapi.com/darkroom/gofood-indonesia/v2/images/uploads/43d3c95d-59e1-4654-9b57-64ca2e8216e6_Go-Biz_20201216_150234.jpeg?auto=format
41,"Lotek Gado-Gado Bu Ning, Tamansiswa",Tempe Mendoan,3000,"Tempe tipis berbalut tepung yang digoreng setengah matang, teksturnya empuk dan gurih.",https://i.gojekapi.com/darkroom/gofood-indonesia/v2/images/uploads/59a6114e-90f1-4e22-96ee-0e3c6ba504d5_master-menu-item-image_1592562867004.jpg?auto=format
42,"Lotek Gado-Gado Bu Ning, Tamansiswa",Es Dawet Cendol,12000,"Minuman manis dari cendol kenyal, santan, dan gula merah yang menyegarkan.",https://i.gojekapi.com/darkroom/gofood-indonesia/v2/images/uploads/ed015b31-3054-44f0-a7d2-d5e354d7a6a7_5441696b-20ef-4a96-8596-416b95f5ae30_Go-Biz_20191011_094241.jpeg?auto=format
43,"Lotek Gado-Gado Bu Ning, Tamansiswa",Es Teh Manis,7000,"Teh manis dingin, sempurna untuk menyegarkan dahaga.",https://i.gojekapi.com/darkroom/gofood-indonesia/v2/images/uploads/3c780bc0-5a63-427c-96d4-6f6214be9675_8da23b82-1b57-4eaf-b380-d357b1aa4d53_file20190422-7604-17v1zi7.jpeg?auto=format
44,"Lotek Gado-Gado Bu Ning, Tamansiswa",Es Jeruk,10000,Jus jeruk segar dingin yang manis dan sedikit asam.,https://i.gojekapi.com/darkroom/gofood-indonesia/v2/images/uploads/04276fa2-9482-4b50-ad6c-4fddfeedb3db_30cefde5-57a6-4679-8c7a-9d5c69a01857_file20190503-22379-1b2w5sw.jpeg?auto=format
45,"Lotek Gado-Gado Bu Ning, Tamansiswa",Es Jeruk Nipis,10000,Minuman dingin dari jeruk nipis dengan rasa segar dan asam.,https://i.gojekapi.com/darkroom/gofood-indonesia/v2/images/uploads/035af0b7-ede9-4d2b-aaa3-c526d329b8a2_9bc90b6e-6894-4cba-96dd-478474433150_master-menu-item-image_1587451136447.jpg?auto=format
46,"Lotek Gado-Gado Bu Ning, Tamansiswa",Es Gula Asem,12000,"Minuman khas Jawa dari campuran asam jawa dan gula, rasanya manis dan asam.",https://i.gojekapi.com/darkroom/gofood-indonesia/v2/images/uploads/31f0d385-787c-445e-9923-83e61c164223_12658af7-6a9f-4d6d-9c35-d46cd67a6443_Go-Biz_20191011_094424.jpeg?auto=format
47,"Nasi Bakar Lagi Dan Mendoan Jumbo ""Mbakayune"", Umbulharjo",Nasi Bakar Tongkol Suwir Pedas Jumbo (Nasi Uduk),26000,"Nasi uduk yang dibakar dengan suwiran ikan tongkol pedas, aromanya menggugah selera.",https://i.gojekapi.com/darkroom/gofood-indonesia/v2/images/uploads/5c902e6a-8c4d-4b68-9e13-f5f28ab05de0_Go-Biz_20240722_191331.jpeg?auto=format
48,"Nasi Bakar Lagi Dan Mendoan Jumbo ""Mbakayune"", Umbulharjo",Nasi Goreng Bakar,25000,"Nasi goreng berbumbu khas yang dibakar, menghasilkan rasa gurih dan aroma panggang yang nikmat.",https://i.gojekapi.com/darkroom/gofood-indonesia/v2/images/uploads/c215ced9-26f9-41fb-a323-65adf6937e7a_Go-Biz_20220324_114010.jpeg?auto=format
49,"Nasi Bakar Lagi Dan Mendoan Jumbo ""Mbakayune"", Umbulharjo",Nasi Bakar Ayam Suwir Bumbu Rendang Jumbo (Nasi Uduk),26000,"Nasi uduk bakar dengan suwiran ayam bumbu rendang, kaya akan rempah-rempah.",https://i.gojekapi.com/darkroom/gofood-indonesia/v2/images/uploads/600b1e28-efd8-48c8-8263-460d51ea0acc_Go-Biz_20240722_191309.jpeg?auto=format
50,"Nasi Bakar Lagi Dan Mendoan Jumbo ""Mbakayune"", Umbulharjo",Nasi Bakar Ayam Suwir Pedas Jumbo,26000,"Nasi bakar berisi ayam suwir pedas, gurih dengan sensasi pedas yang pas.",https://i.gojekapi.com/darkroom/gofood-indonesia/v2/images/uploads/f2a52810-eba2-4f66-88c7-e5f59ea1f5c4_Go-Biz_20240722_191348.jpeg?auto=format
51,"Nasi Bakar Lagi Dan Mendoan Jumbo ""Mbakayune"", Umbulharjo",Nasi Bakar Teri Kacang Jumbo (Nasi Uduk),24000,"Nasi uduk bakar dengan isian teri dan kacang renyah, memberikan rasa gurih dan lezat.",https://i.gojekapi.com/darkroom/gofood-indonesia/v2/images/uploads/5fcfadf1-7719-4338-b45b-04faadc8ab91_Go-Biz_20240722_191406.jpeg?auto=format
52,"Nasi Bakar Lagi Dan Mendoan Jumbo ""Mbakayune"", Umbulharjo",Nasi Bakar Teri Cabe Ijo Jumbo (Nasi Uduk),24000,"Nasi uduk bakar dengan isian teri cabe ijo, pedas gurih yang khas.",https://i.gojekapi.com/darkroom/gofood-indonesia/v2/images/uploads/7b872e27-7981-4c3f-84b4-b73e81174653_Go-Biz_20240722_191428.jpeg?auto=format
53,"Nasi Bakar Lagi Dan Mendoan Jumbo ""Mbakayune"", Umbulharjo",Nasi Bakar Cumi Cabe Ijo Jumbo (Nasi Uduk),28000,"Nasi uduk bakar berisi cumi dengan cabe ijo, lezat dan pedasnya menggigit.",https://i.gojekapi.com/darkroom/gofood-indonesia/v2/images/uploads/3d2ace5f-11b1-426f-a867-a5f574dddcdf_Go-Biz_20240722_191447.jpeg?auto=format
54,"Nasi Bakar Lagi Dan Mendoan Jumbo ""Mbakayune"", Umbulharjo",Nasi Bakar Sambal Goreng Kentang Ati Jumbo,24000,"Nasi bakar dengan isian sambal goreng kentang dan ati, kaya rasa dan aroma.",https://i.gojekapi.com/darkroom/gofood-indonesia/v2/images/uploads/bfcedfe9-0c11-4280-ac49-d1f32d3ca054_Go-Biz_20240722_191504.jpeg?auto=format
55,"Nasi Bakar Lagi Dan Mendoan Jumbo ""Mbakayune"", Umbulharjo",Nasi Bakar Kikil Pedas Jumbo (Nasi Uduk),22000,"Nasi uduk bakar dengan kikil pedas, teksturnya kenyal dengan rasa pedas gurih.",https://i.gojekapi.com/darkroom/gofood-indonesia/v2/images/uploads/f6b95938-a64c-4def-9963-0ef178028a8a_Go-Biz_20220720_203747.jpeg?auto=format
56,"Oseng Mercon Bu Yanti, Gedongtengen",Oseng Mercon Sapi,28000,"Tumisan daging sapi pedas yang menggigit, cocok untuk pecinta makanan berempah.",https://i.gojekapi.com/darkroom/gofood-indonesia/v2/images/uploads/fd39d8c7-2665-4711-88a8-cc11f97f2f86_master-menu-item-image_1605583105180.jpg?auto=format
57,"Oseng Mercon Bu Yanti, Gedongtengen",Oseng Mercon Ati Ampela,16000,"Oseng ati ampela dengan bumbu pedas mercon, rasanya kuat dan pedas",https://i.gojekapi.com/darkroom/gofood-indonesia/v2/images/uploads/f24f978b-10ec-410c-a4e4-4b223fc472d9_master-menu-item-image_1605583119438.jpg?auto=format
58,"Oseng Mercon Bu Yanti, Gedongtengen",Oseng Mercon Ayam,23000,"Ayam yang ditumis dengan bumbu pedas ala mercon, lezat dan membakar lidah.",https://i.gojekapi.com/darkroom/gofood-indonesia/v2/images/uploads/bb6deaeb-25a8-4b73-9e4b-4e93610b190b_master-menu-item-image_1605583032614.jpg?auto=format
59,"Oseng Mercon Bu Yanti, Gedongtengen",Oseng Mercon Burung Dara,37000,"Burung dara dengan bumbu pedas ekstra, memberikan sensasi pedas yang meledak.",https://i.gojekapi.com/darkroom/gofood-indonesia/v2/images/uploads/325779e5-a53a-4f0e-b84a-999483b939ff_master-menu-item-image_1605583086913.jpg?auto=format
60,"Oseng Mercon Bu Yanti, Gedongtengen",Oseng Mercon Bakso,14000,"Bakso yang ditumis dengan bumbu mercon, pedas dan gurih dalam setiap gigitan.",https://i.gojekapi.com/darkroom/gofood-indonesia/v2/images/uploads/7271438a-c2f1-4f48-a927-b5a6d441d4b6_master-menu-item-image_1605583132828.jpg?auto=format
61,"Oseng Mercon Bu Yanti, Gedongtengen",Garang Asem Ayam Kampung,22000,"Ayam kampung dengan kuah asam pedas dan rempah segar, memberikan rasa segar yang khas.",https://i.gojekapi.com/darkroom/gofood-indonesia/v2/images/uploads/6989f23f-0cc7-46b4-8fce-643c4fc519b2_master-menu-item-image_1605583152312.jpg?auto=format
62,"Oseng Mercon Bu Yanti, Gedongtengen",Cah Kangkung,12000,"Tumisan kangkung segar dengan bawang putih dan cabai, sederhana tapi nikmat.",https://i.gojekapi.com/darkroom/gofood-indonesia/v2/images/uploads/12ebb7ea-87e5-442c-a248-e0515477029c_80a1ccdd-5712-4707-a095-c8f923f394f4_Go-Biz_20190512_204205.jpeg?auto=format
63,"Oseng Mercon Bu Yanti, Gedongtengen",Beras Kencur Panas / Es,7000,"Minuman jamu tradisional dari beras kencur, beraroma khas, menyegarkan atau menghangatkan tubuh.",https://i.gojekapi.com/darkroom/gofood-indonesia/v2/images/uploads/8a1f63f6-9452-4213-9273-bf6c89fe7ecb_ea8929cc-02ea-4054-b447-3e08f48169e6_Go-Biz_20190512_203850.jpeg?auto=format
64,"Oseng Mercon Bu Yanti, Gedongtengen",Kunir Asem Panas / Es,7000,"Minuman jamu dari kunyit dan asam jawa, memberikan rasa segar dan sedikit asam.",https://i.gojekapi.com/darkroom/gofood-indonesia/v2/images/uploads/a0513365-5518-4755-835f-e6831efffa46_master-menu-item-image_1605583329360.jpg?auto=format
65,"Gudeg Yu Narni, Stasiun Lempuyangan",Nasi Gudeg Krecek Ayam Suwir,20000,"Nasi dengan gudeg manis, sambal krecek pedas, dan suwiran ayam, perpaduan gurih manis yang khas.",https://i.gojekapi.com/darkroom/gofood-indonesia/v2/images/uploads/181c477b-217c-4a05-803c-60d4bca9731e_00968c1e-23d6-412c-83f7-864851e905d5_Go-Biz_20190518_144401.jpeg?auto=format
66,"Gudeg Yu Narni, Stasiun Lempuyangan",Nasi Gudeg Krecek Ati Ampela,26000,"Nasi dengan gudeg, sambal krecek pedas, dan ati ampela, menciptakan kombinasi lezat antara manis, gurih, dan pedas.",https://i.gojekapi.com/darkroom/gofood-indonesia/v2/images/uploads/547dec9c-e763-4893-8d92-bfa44dc77d97_6dc84d69-d011-4015-9e64-cc8e3d5ec137_Go-Biz_20190518_150036.jpeg?auto=format
67,"Gudeg Yu Narni, Stasiun Lempuyangan",PAKET SATU,80000,Gudeg + Krecek + 4 Telur,https://i.gojekapi.com/darkroom/gofood-indonesia/v2/images/uploads/56b99b5b-2990-44fb-8911-d9e96876b812_Go-Biz_20240420_045312.jpeg?auto=format
68,"Gudeg Yu Narni, Stasiun Lempuyangan",PAKET DUA A,150000,Gudeg + Krecek +1 Gending + 1 Kepala atau 1 Ati Ampela + 4 Telur,https://i.gojekapi.com/darkroom/gofood-indonesia/v2/images/uploads/428c8d6b-17f5-40e4-8337-0edeb820251d_b110c8cd-e0d8-4d65-906d-6d8d73a1597d_Go-Biz_20200331_093619.jpeg?auto=format
69,"Gudeg Yu Narni, Stasiun Lempuyangan",Gudeg Tahu,20000,"Gudeg manis dari nangka muda dengan tahu sebagai pelengkap, beraroma khas dan gurih.",https://i.gojekapi.com/darkroom/gofood-indonesia/v2/images/uploads/9c528e7d-e1d4-436a-a567-c4600436c246_a9a0fcc7-5214-4940-9165-aff2e46f78ab_Go-Biz_20190518_160255.jpeg?auto=format
70,"Gudeg Yu Narni, Stasiun Lempuyangan",Gudeg Dada,45000,"Gudeg disajikan dengan potongan dada ayam, kombinasi manis dan gurih yang memanjakan lidah.",https://i.gojekapi.com/darkroom/gofood-indonesia/v2/images/uploads/5c94075f-e19b-44d3-bf03-a76acc18b0ed_bf21aa62-0a48-417e-a058-915606e45ab3_Go-Biz_20190518_160046.jpeg?auto=format
71,"Gudeg Yu Narni, Stasiun Lempuyangan",Gudeg Paha Atas,45000,"Gudeg dengan paha atas ayam, kaya rasa dengan perpaduan manis dan gurih yang khas.",https://i.gojekapi.com/darkroom/gofood-indonesia/v2/images/uploads/02aa4c21-320c-4491-819d-7d0db25c60e6_57c6ad6c-6f21-4df2-831b-aafeb72442b0_Go-Biz_20190518_155927.jpeg?auto=format
72,"Gudeg Yu Narni, Stasiun Lempuyangan",Nasi Gudeg Krecek Ayam Suwir + Tahu,22000,"Nasi dengan gudeg manis, sambal krecek pedas, suwiran ayam, dan potongan tahu, lezat dan lengkap.",https://i.gojekapi.com/darkroom/gofood-indonesia/v2/images/uploads/3d97035f-7a08-4cfe-a9f5-394d54f4361c_Go-Biz_20200619_145223.jpeg?auto=format
73,"Gudeg Yu Narni, Stasiun Lempuyangan",Nasi Gudeg Krecek Telur + Suwir + Tahu,28000,"Nasi dengan gudeg, sambal krecek, telur, suwiran ayam, dan tahu, memberikan kombinasi rasa manis, gurih, dan pedas yang sempurna.",https://i.gojekapi.com/darkroom/gofood-indonesia/v2/images/uploads/f1edf4f1-5dca-456a-bb9d-2b8348663505_Go-Biz_20200619_145124.jpeg?auto=format
74,Nasi Kapau Uda Jack ,Ayam Gulai,22250,"Ayam dengan kuah santan berbumbu rempah khas gulai, kaya rasa dan beraroma.",https://i.gojekapi.com/darkroom/gofood-indonesia/v2/images/uploads/df591c60-0acd-494a-a231-89605ef7a3e0_Go-Biz_20220615_110708.jpeg?auto=format
75,Nasi Kapau Uda Jack ,Ayam Rendang,22250,"Ayam yang dimasak dengan bumbu rendang kental, gurih, pedas, dan penuh rempah.",https://static.promediateknologi.id/crop/0x0:0x0/0x0/webp/photo/p2/74/2024/05/30/Resep-Rendang-Ayam-Simpel-3850339769.jpg
76,Nasi Kapau Uda Jack ,Ayam Pop,24750,"Ayam goreng khas Padang yang lembut, disajikan dengan sambal merah segar.",https://i.gojekapi.com/darkroom/gofood-indonesia/v2/images/uploads/acf1bfb8-c0a8-4170-81ec-4a4a99451d07_Go-Biz_20220615_141027.jpeg?auto=format
77,Nasi Kapau Uda Jack ,Ayam Bakar,22250,"Ayam dibakar dengan bumbu manis gurih, menghasilkan aroma asap yang menggoda.",https://i.gojekapi.com/darkroom/gofood-indonesia/v2/images/uploads/dbba5cbe-e717-446e-a333-1f8a87f98444_Go-Biz_20220615_111427.jpeg?auto=format
78,Nasi Kapau Uda Jack ,Ayam Balado,22250,"Ayam goreng dengan sambal balado pedas, memberikan rasa pedas dan nikmat.",https://i.gojekapi.com/darkroom/gofood-indonesia/v2/images/uploads/9826c5ba-09bf-49c1-a5bd-d62acad984e3_Go-Biz_20220615_140703.jpeg?auto=format
79,Nasi Kapau Uda Jack ,Ayam Cabe Ijo,22250,"Ayam dengan sambal cabe ijo khas Minang, pedas segar dan gurih.",https://cdn0-production-images-kly.akamaized.net/yQIMXW6ra9haOzqnNWn031dlNOI=/1x104:1000x667/1200x675/filters:quality(75):strip_icc():format(jpeg)/kly-media-production/medias/4252263/original/052847000_1670385809-shutterstock_2092251649.jpg
80,Nasi Kapau Uda Jack ,Ayam Goreng Bumbu ,22250,"Ayam goreng berbumbu kaya rempah, gurih dengan lapisan bumbu yang meresap.",https://i.gojekapi.com/darkroom/gofood-indonesia/v2/images/uploads/2111e632-ef95-49c7-b482-c2f5efc5f600_Go-Biz_20220615_111407.jpeg?auto=format
81,Nasi Kapau Uda Jack ,Rendang Daging,22500,"Daging sapi yang dimasak lama dengan bumbu rendang, empuk dan kaya rempah.",https://i.gojekapi.com/darkroom/gofood-indonesia/v2/images/uploads/fe6939a9-71db-4476-ae9f-dad0a530cfac_Go-Biz_20220613_151252.jpeg?auto=format
82,Nasi Kapau Uda Jack ,Gulai Tambusu,25000,"Masakan khas Minang berupa usus sapi yang diisi dengan adonan tahu dan telur, lalu dimasak dalam kuah gulai santan kental yang gurih dan kaya rempah.",https://i.gojekapi.com/darkroom/gofood-indonesia/v2/images/uploads/b7df4513-0018-4448-88f8-0191153cf777_Go-Biz_20220615_110408.jpeg?auto=format
83,"Ayam Bakar Tamsis 2, Mergangsan",Ayam Paha Bakar,18500,"Paha ayam dibakar dengan bumbu manis gurih yang meresap, menghasilkan aroma smokey yang nikmat.",https://asset.kompas.com/crops/mKXI6KFaStgz3hPSuUx65XSxbcM=/142x72:863x553/750x500/data/photo/2022/09/27/633297e88244b.jpg
84,"Ayam Bakar Tamsis 2, Mergangsan",Ayam Paha Goreng,18500,Paha ayam digoreng hingga renyah dengan bumbu sederhana yang gurih,https://awsimages.detik.net.id/community/media/visual/2021/07/15/kalori-ayam-goreng-2.jpeg?w=1200
85,"Ayam Bakar Tamsis 2, Mergangsan",Ayam Dada Bakar,18500,"Dada ayam bakar berbumbu khas, lezat dengan tekstur yang lembut dan rasa manis gurih.",https://img-global.cpcdn.com/recipes/87a99aff6c08f415/680x482cq70/dada-ayam-bakar-kecap-foto-resep-utama.jpg
86,"Ayam Bakar Tamsis 2, Mergangsan",Lele Goreng  ,14000,"Ikan lele digoreng renyah, disajikan dengan sambal pedas dan lalapan segar.",https://img.kurio.network/3Q1xS_3YSAfbx9o3jhpq2dQw3Qs=/1200x675/filters:quality(80)/https://kurio-img.kurioapps.com/20/11/21/b2aecfb2-fefd-415f-9424-2485a95d41ef.png
87,"Ayam Bakar Tamsis 2, Mergangsan",Nasi Putih,6500,"Nasi pulen yang disajikan hangat, cocok menemani berbagai hidangan.",https://upload.wikimedia.org/wikipedia/commons/thumb/2/2d/Nasi_dibentuk_bulat.jpg/1200px-Nasi_dibentuk_bulat.jpg
88,"Ayam Bakar Tamsis 2, Mergangsan",Ayam Kampung Paha Goreng,27000,Paha ayam kampung yang digoreng hingga garing dengan rasa gurih alami.,https://awsimages.detik.net.id/community/media/visual/2022/03/13/resep-ayam-goreng-jawa_43.jpeg?w=1200
89,"Ayam Bakar Tamsis 2, Mergangsan",Ayam Kampung Dada Goreng,27000,Dada ayam kampung goreng yang bertekstur lembut dan gurih.,https://niagatani.id/public/uploads/all/ms01p8uxX1r7xDgsc5Znkm4EtkCkPyVr9ImBunhO.jpg
90,"Ayam Bakar Tamsis 2, Mergangsan",Ayam Kampung Dada Bakar,27000,"Dada ayam kampung dibakar dengan bumbu khas, menghasilkan aroma dan rasa yang lezat.",https://img.mbizmarket.co.id/products/thumbs/800x800/2022/05/31/f1f649257aae808f9dacb55d5b84f14d.jpg
91,"Ayam Bakar Tamsis 2, Mergangsan",Ayam Kampung Paha Bakar,27000,"Paha ayam kampung dibakar hingga matang dengan bumbu meresap, menawarkan cita rasa tradisional yang kaya.",https://royaltumpeng.com/wp-content/uploads/2017/03/1-copyright-by-panduan-masakan-enak.blogspot.co_.id_.jpg
92,"Tahu Gimbal Pak Yono, Tentara Pelajar",Tahu Gimbal Komplit,27000,"Tahu goreng dengan gimbal udang, tauge, dan sayuran, disiram saus kacang gurih yang lezat.",https://i.gojekapi.com/darkroom/gofood-indonesia/v2/images/uploads/75411ce4-dd6f-4549-bc5e-7ad6950cba8b_65ee131d-76e4-4e7d-a4c6-6b4fec0d73b0_Go-Biz_20190916_082438.jpeg?auto=format
93,"Tahu Gimbal Pak Yono, Tentara Pelajar",Bakwan Udang,12000,"Gorengan renyah berisi udang utuh dan sayuran, gurih dan nikmat.",https://awsimages.detik.net.id/community/media/visual/2021/02/25/bakwan-udang-renyah-1_43.jpeg?w=600&q=90
94,"Tahu Gimbal Pak Yono, Tentara Pelajar",Telur Mata Sapi,10000,"Telur yang digoreng dengan kuning telur setengah matang atau matang, sederhana tapi menggugah selera.",https://asset.kompas.com/crops/C3LVl3uOuPi8T9qx-rOnFWJZNrI=/0x0:998x665/750x500/data/photo/2021/03/25/605c078facd06.jpg
95,"Tahu Gimbal Pak Yono, Tentara Pelajar",Es Teh,7000,"Teh dingin yang manis dan segar, cocok untuk menghilangkan dahaga.",https://asset.kompas.com/crops/toOljW__-UqEVhGAJe8UyPdZWnU=/92x67:892x600/750x500/data/photo/2023/08/23/64e59deb79bfb.jpg
96,"Tahu Gimbal Pak Yono, Tentara Pelajar",Es Jeruk,7000,Jus jeruk dingin dengan rasa manis asam yang menyegarkan.,https://dcostseafood.id/wp-content/uploads/2021/12/ES-JERUK-murni.jpg
101,"Sop Buntut & Ayam Goreng Cokro, Tegalrejo",PAKET BOX NASI AYAM KAMPUNG,37000,"Paket nasi dengan ayam kampung goreng atau bakar, lengkap dengan sambal dan lalapan.",https://i.gojekapi.com/darkroom/gofood-indonesia/v2/images/uploads/5d14ecb2-5f36-496c-87bd-d3ed28d3c0f1_Go-Biz_20210701_192634.jpeg?auto=format
102,"Sop Buntut & Ayam Goreng Cokro, Tegalrejo",Sop Daging,35000,"Sup daging sapi dengan kuah bening gurih, penuh dengan sayuran segar dan rempah.",https://i.gojekapi.com/darkroom/gofood-indonesia/v2/images/uploads/c1c3298b-fc81-4b02-983a-452eb39c0c8b_3c2ac656-a8eb-47ab-8530-51a56c7a899c_Go-Biz_20200418_001942.jpeg?auto=format
103,"Sop Buntut & Ayam Goreng Cokro, Tegalrejo",Ayam Goreng,30000,"Ayam goreng dengan bumbu gurih, renyah di luar dan lembut di dalam.",https://i.gojekapi.com/darkroom/gofood-indonesia/v2/images/uploads/0bacb13e-42db-4575-8ec3-533553dfd054_d307ba8c-0501-4c27-aabe-90fb022de780_Go-Biz_20200418_002020.jpeg?auto=format
104,"Sop Buntut & Ayam Goreng Cokro, Tegalrejo",Sop Buntut (Tulang),52000,"Sop dengan buntut sapi dan kuah kaldu yang kaya rasa, hangat dan lezat.",https://i.gojekapi.com/darkroom/gofood-indonesia/v2/images/uploads/3530f72d-6bb7-4de3-ae34-83f75832606c_f027bb09-c41f-437f-af3b-4e3379d13a86_Go-Biz_20200418_001801.jpeg?auto=format
105,"Sop Buntut & Ayam Goreng Cokro, Tegalrejo",Rempelo Ati,23000,"Hati dan ampela ayam dimasak dengan bumbu gurih, cocok sebagai lauk pelengkap.",https://i.gojekapi.com/darkroom/gofood-indonesia/v2/images/uploads/cbb3bccd-7c82-4577-8380-d1c598221b5b_59b7f351-20ed-4a23-8374-ae65a23ae184_Go-Biz_20200418_002327.jpeg?auto=format
106,"Sop Buntut & Ayam Goreng Cokro, Tegalrejo",Tahu Tempe (4 Potong),9000,"Tahu dan tempe goreng yang renyah di luar, lembut di dalam, sebagai pendamping yang pas.",https://i.gojekapi.com/darkroom/gofood-indonesia/v2/images/uploads/bb5282ba-138c-4969-99a0-e00ca858c4a8_1eb9857f-4219-4c21-bdf9-e83248b6dd9f_Go-Biz_20200418_002443.jpeg?auto=format
107,"Sop Buntut & Ayam Goreng Cokro, Tegalrejo",Kepala Ayam,8000,"Kepala ayam goreng yang gurih dan lezat, biasanya disajikan sebagai camilan atau pelengkap.",https://i.gojekapi.com/darkroom/gofood-indonesia/v2/images/uploads/42042bad-1f39-4926-9d3d-acc3cb64b298_f002fa16-e3f4-449f-9f63-0530b3d3b7c0_Go-Biz_20200418_002542.jpeg?auto=format
108,"Sop Buntut & Ayam Goreng Cokro, Tegalrejo",Beras Kencur / Kunir Asem (Es/Panas),12000,"Jamu tradisional yang bisa disajikan hangat atau dingin, segar dan menyehatkan.",https://i.gojekapi.com/darkroom/gofood-indonesia/v2/images/uploads/cbf0d7e1-8720-402d-bf96-73b292834562_dcc208c3-2041-4c7c-aba0-674b7cbe62a4_Go-Biz_20200418_002916.jpeg?auto=format
109,"Sop Buntut & Ayam Goreng Cokro, Tegalrejo",PAKET BOX NASI SOP,40000,"Paket nasi lengkap dengan sop daging atau sop ayam, cocok untuk makanan praktis dan mengenyangkan.",https://i.gojekapi.com/darkroom/gofood-indonesia/v2/images/uploads/805fbd6f-f607-4859-a0ba-e239a1538b36_Go-Biz_20210701_192357.jpeg?auto=format